<?xml version="1.0" encoding="UTF-8"?>

<Group xmlns="http://hl7.org/fhir">
  <id value="ExampleStudyCohort"/>
  <meta>
    <profile value="https://www.netzwerk-universitaetsmedizin.de/fhir/cpg-on-ebm-on-fhir/StructureDefinition/study-cohort"/>
  </meta>
  <text>
    <status value="generated"/><div xmlns="http://www.w3.org/1999/xhtml"><p class="res-header-id"><b>Generated Narrative: Group ExampleStudyCohort</b></p><a name="ExampleStudyCohort"> </a><a name="hcExampleStudyCohort"> </a><a name="ExampleStudyCohort-en-US"> </a><p><b>type</b>: Person</p><p><b>membership</b>: Definitional</p><p><b>quantity</b>: 20</p></div>
  </text>
  <type value="person"/>
  <membership value="definitional"/>
  <quantity value="20"/>
</Group>