<?xml version="1.0" encoding="UTF-8"?>

<Organization xmlns="http://hl7.org/fhir">
  <id value="ExampleOrganization"/>
  <text>
    <status value="generated"/><div xmlns="http://www.w3.org/1999/xhtml"><p class="res-header-id"><b>Generated Narrative: Organization ExampleOrganization</b></p><a name="ExampleOrganization"> </a><a name="hcExampleOrganization"> </a><a name="ExampleOrganization-en-US"> </a><p><b>name</b>: Example Organization</p></div>
  </text>
  <name value="Example Organization"/>
</Organization>