<?xml version="1.0" encoding="UTF-8"?><ActivityDefinition xmlns="http://hl7.org/fhir"><id value="ExampleDrugAdministrationAction"/><meta><profile value="https://www.netzwerk-universitaetsmedizin.de/fhir/cpg-on-ebm-on-fhir/StructureDefinition/drug-administration-action"/></meta><extension url="http://hl7.org/fhir/uv/cpg/StructureDefinition/cpg-knowledgeCapability"><valueCode value="computable"/></extension><extension url="http://hl7.org/fhir/uv/cpg/StructureDefinition/cpg-knowledgeRepresentationLevel"><valueCode value="structured"/></extension><url value="https://www.netzwerk-universitaetsmedizin.de/fhir/cpg-on-ebm-on-fhir/example/recommendation-action/drug-administration-example"/><version value="1.0"/><name value="DrugAdministrationAction"/><status value="active"/><experimental value="true"/><subjectCodeableConcept><coding><system value="http://hl7.org/fhir/fhir-types"/><code value="Patient"/></coding></subjectCodeableConcept><date value="2024-10-21T14:50:59+00:00"/><publisher value="CPGonEBMonFHIR"/><description value="A drug administration that should be performed."/><kind value="MedicationRequest"/><code><coding><system value="http://snomed.info/sct"/><code value="432102000"/><display value="Administration of substance (procedure)"/></coding></code><productCodeableConcept><coding><system value="http://snomed.info/sct"/><code value="372584003"/><display value="Dexamethasone (substance)"/></coding><coding><system value="http://fhir.de/CodeSystem/bfarm/atc"/><code value="C05AA09"/><display value="Dexamethason"/></coding></productCodeableConcept><dosage><extension url="https://www.netzwerk-universitaetsmedizin.de/fhir/cpg-on-ebm-on-fhir/StructureDefinition/ext-dosage-condition"><extension url="type"><valueCodeableConcept><coding><system value="http://loinc.org"/><code value="29463-7"/><display value="Body weight"/></coding></valueCodeableConcept></extension><extension url="value"><valueRange><high><value value="70"/><unit value="kg"/><system value="http://unitsofmeasure.org"/><code value="kg"/></high></valueRange></extension></extension><timing><repeat><count value="10"/><duration value="10"/><durationUnit value="d"/><frequency value="1"/><period value="1"/><periodUnit value="d"/></repeat></timing><route><coding><system value="http://snomed.info/sct"/><code value="26643006"/><display value="Oral route"/></coding></route><doseAndRate><doseQuantity><value value="6"/><unit value="mg"/><system value="http://unitsofmeasure.org"/><code value="mg"/></doseQuantity><rateQuantity><value value="1"/><unit value="/d"/><system value="http://unitsofmeasure.org"/><code value="/d"/></rateQuantity></doseAndRate></dosage></ActivityDefinition>