<?xml version="1.0" encoding="UTF-8"?><Citation xmlns="http://hl7.org/fhir"><id value="SystemicCorticosteroidsForTheTreatmentOfCOVID19"/><meta><profile value="https://www.netzwerk-universitaetsmedizin.de/fhir/cpg-on-ebm-on-fhir/StructureDefinition/study-citation"/></meta><url value="https://www.netzwerk-universitaetsmedizin.de/fhir/cpg-on-ebm-on-fhir/Citation/SystemicCorticosteroidsForTheTreatmentOfCOVID19"/><name value="SystemicCorticosteroidsForTheTreatmentOfCOVID19"/><status value="active"/><date value="2024-10-21T14:50:59+00:00"/><citedArtifact><identifier><system value="https://pubmed.ncbi.nlm.nih.gov"/><value value="34396514"/></identifier><identifier><system value="https://doi.org"/><value value="10.1002/14651858.CD014963"/></identifier><identifier><system value="https://www.ncbi.nlm.nih.gov/pmc/"/><value value="PMC8406706"/></identifier><title><text value="Systemic corticosteroids for the treatment of COVID-19"/></title><classification><type><coding><system value="http://hl7.org/fhir/cited-artifact-classification-type"/><code value="publication-type"/><display value="Publication Type"/></coding></type><classifier><coding><system value="http://hl7.org/fhir/citation-artifact-classifier"/><code value="D016428"/><display value="Journal Article"/></coding></classifier></classification></citedArtifact></Citation>