<?xml version="1.0" encoding="UTF-8"?><Citation xmlns="http://hl7.org/fhir"><id value="ExampleRecommendationCitation"/><meta><profile value="https://www.netzwerk-universitaetsmedizin.de/fhir/cpg-on-ebm-on-fhir/StructureDefinition/recommendation-citation"/></meta><url value="https://www.netzwerk-universitaetsmedizin.de/fhir/cpg-on-ebm-on-fhir/Citation/ExampleRecommendationCitation"/><name value="ExampleRecommendationCitation"/><status value="active"/><date value="2024-10-21T14:50:59+00:00"/><citedArtifact><identifier><value value="ceoysy/exampleIdentifier"/></identifier><version><value value="1.0-alpha1"/></version><currentState><coding><system value="http://hl7.org/fhir/cited-artifact-status-type"/><code value="archived"/><display value="Archived"/></coding></currentState><title><text value="Example Citation"/></title><classification><type><coding><system value="http://hl7.org/fhir/cited-artifact-classification-type"/><code value="publication-type"/><display value="Publication Type"/></coding></type><classifier><coding><system value="https://www.netzwerk-universitaetsmedizin.de/fhir/cpg-on-ebm-on-fhir/CodeSystem/ceosys-code-system"/><code value="guideline-recommendation"/><display value="Clinical practice guideline recommendation"/></coding></classifier></classification></citedArtifact></Citation>