<?xml version="1.0" encoding="UTF-8"?><Evidence xmlns="http://hl7.org/fhir"><id value="ExampleStudyOutcomeEvidence"/><meta><profile value="https://www.netzwerk-universitaetsmedizin.de/fhir/cpg-on-ebm-on-fhir/StructureDefinition/study-outcome-evidence"/></meta><url value="https://www.netzwerk-universitaetsmedizin.de/fhir/cpg-on-ebm-on-fhir/Evidence/ExampleStudyOutcomeEvidence"/><name value="ExampleStudyOutcomeEvidence"/><status value="active"/><date value="2024-10-21T14:50:59+00:00"/><relatedArtifact><type value="citation"/><resourceReference><reference value="Citation/ExampleStudyCitation"/></resourceReference></relatedArtifact><variableDefinition><variableRole><coding><system value="http://terminology.hl7.org/CodeSystem/variable-role"/><code value="population"/></coding></variableRole><observed><reference value="Group/ExampleStudyCohort"/></observed><intended><reference value="EvidenceVariable/ExampleStudyEligibilityCriteria"/></intended></variableDefinition><variableDefinition><variableRole><coding><system value="http://terminology.hl7.org/CodeSystem/variable-role"/><code value="measuredVariable"/></coding></variableRole><observed><reference value="EvidenceVariable/ExampleOutcome"/></observed></variableDefinition><synthesisType><coding><system value="http://terminology.hl7.org/CodeSystem/synthesis-type"/><code value="NotApplicable"/></coding></synthesisType></Evidence>