<?xml version="1.0" encoding="UTF-8"?><EvidenceVariable xmlns="http://hl7.org/fhir"><id value="ExampleOutcome"/><meta><profile value="https://www.netzwerk-universitaetsmedizin.de/fhir/cpg-on-ebm-on-fhir/StructureDefinition/outcome-definition"/></meta><url value="https://www.netzwerk-universitaetsmedizin.de/fhir/cpg-on-ebm-on-fhir/EvidenceVariable/ExampleOutcome"/><identifier><system value="https://www.ceosys.de"/><value value="outcome-example"/></identifier><name value="Mortality"/><status value="active"/><date value="2024-10-21T14:50:59+00:00"/><characteristic><exclude value="false"/><definitionByTypeAndValue><type><coding><system value="http://snomed.info/sct"/><code value="409651001"/><display value="Mortality rate (observable entity)"/></coding></type><valueQuantity><unit value="percent"/><system value="http://unitsofmeasure.org"/><code value="%"/></valueQuantity></definitionByTypeAndValue></characteristic><handling value="dichotomous"/></EvidenceVariable>