<?xml version="1.0" encoding="UTF-8"?><ValueSet xmlns="http://hl7.org/fhir"><id value="vs-mii-icu-code-observation-beatmung-loinc"/><text><status value="generated"/><div xmlns="http://www.w3.org/1999/xhtml"><p class="res-header-id"><b>Generated Narrative: ValueSet vs-mii-icu-code-observation-beatmung-loinc</b></p><a name="vs-mii-icu-code-observation-beatmung-loinc"> </a><a name="hcvs-mii-icu-code-observation-beatmung-loinc"> </a><a name="vs-mii-icu-code-observation-beatmung-loinc-en-US"> </a><ul><li>Include these codes as defined in <a href="http://loinc.org"><code>http://loinc.org</code></a><table class="none"><tr><td style="white-space:nowrap"><b>Code</b></td><td><b>Display</b></td></tr><tr><td><a href="https://loinc.org/50984-4/">50984-4</a></td><td>Horowitz index in Arterial blood</td></tr><tr><td><a href="https://loinc.org/33438-3/">33438-3</a></td><td>Breath rate mechanical --on ventilator</td></tr><tr><td><a href="https://loinc.org/19839-0/">19839-0</a></td><td>Breath rate spontaneous --on ventilator</td></tr><tr><td><a href="https://loinc.org/19840-8/">19840-8</a></td><td>Breath rate spontaneous and mechanical --on ventilator</td></tr><tr><td><a href="https://loinc.org/76334-2/">76334-2</a></td><td>Inspiratory time setting Ventilator</td></tr><tr><td><a href="https://loinc.org/76187-4/">76187-4</a></td><td>Expiratory hold time setting Ventilator</td></tr><tr><td><a href="https://loinc.org/75931-6/">75931-6</a></td><td>Inspiration/Expiration time Ratio</td></tr><tr><td><a href="https://loinc.org/20112-9/">20112-9</a></td><td>Tidal volume setting Ventilator</td></tr><tr><td><a href="https://loinc.org/76222-9/">76222-9</a></td><td>Tidal volume Ventilator --on ventilator</td></tr><tr><td><a href="https://loinc.org/20116-0/">20116-0</a></td><td>Tidal volume.spontaneous --on ventilator</td></tr><tr><td><a href="https://loinc.org/76009-0/">76009-0</a></td><td>Inspired minute Volume during Mechanical ventilation</td></tr><tr><td><a href="https://loinc.org/20118-6/">20118-6</a></td><td>Tidal volume.spontaneous+mechanical --on ventilator</td></tr><tr><td><a href="https://loinc.org/76190-8/">76190-8</a></td><td>High pressure hold time setting Ventilator</td></tr><tr><td><a href="https://loinc.org/76229-4/">76229-4</a></td><td>Low pressure hold time setting Ventilator</td></tr><tr><td><a href="https://loinc.org/76275-7/">76275-7</a></td><td>Inspiratory flow setting Ventilator</td></tr><tr><td><a href="https://loinc.org/60794-5/">60794-5</a></td><td>Inspiratory gas flow Respiratory system airway --on ventilator</td></tr><tr><td><a href="https://loinc.org/60792-9/">60792-9</a></td><td>Expiratory gas flow Respiratory system airway --on ventilator</td></tr><tr><td><a href="https://loinc.org/19994-3/">19994-3</a></td><td>Oxygen/Total gas setting [Volume Fraction] Ventilator</td></tr><tr><td><a href="https://loinc.org/71835-3/">71835-3</a></td><td>Oxygen/Gas total [Pure volume fraction] Inhaled gas</td></tr><tr><td><a href="https://loinc.org/3147-6/">3147-6</a></td><td>Oxygen [Partial pressure] in Exhaled gas</td></tr><tr><td><a href="https://loinc.org/76530-5/">76530-5</a></td><td>Mean pressure Respiratory system airway --on ventilator</td></tr><tr><td><a href="https://loinc.org/76531-3/">76531-3</a></td><td>Pressure.max Respiratory system airway --on ventilator</td></tr><tr><td><a href="https://loinc.org/60827-3/">60827-3</a></td><td>Dynamic lung compliance</td></tr><tr><td><a href="https://loinc.org/76248-4/">76248-4</a></td><td>PEEP Respiratory system --on ventilator</td></tr><tr><td><a href="https://loinc.org/76154-4/">76154-4</a></td><td>Airway pressure delta --on ventilator</td></tr><tr><td><a href="https://loinc.org/20056-8/">20056-8</a></td><td>Airway pressure --at mean expiratory flow on ventilator</td></tr><tr><td><a href="https://loinc.org/20060-0/">20060-0</a></td><td>Airway pressure --at zero inspiratory flow on ventilator</td></tr><tr><td><a href="https://loinc.org/19891-1/">19891-1</a></td><td>Carbon dioxide [Partial pressure] in Exhaled gas --at end expiration</td></tr><tr><td><a href="https://loinc.org/20079-0/">20079-0</a></td><td>Pressure support setting Ventilator</td></tr></table></li></ul></div></text><url value="https://www.medizininformatik-initiative.de/fhir/ext/modul-icu/ValueSet/Code-Observation-Beatmung-LOINC"/><version value="1.0.0"/><name value="VS_MII_ICU_Code_Observation_Beatmung_LOINC"/><title value="VS MII ICU Code Observation Beatmung [LOINC]"/><status value="active"/><experimental value="false"/><date value="2022-01-06"/><publisher value="https://www.medizininformatik-initiative.de"/><description value="Dieses ValueSet enthält Codes für die im Kontext einer Beatmung eingestellten oder gemessenen Parametern."/><compose><include><system value="http://loinc.org"/><concept><code value="50984-4"/><display value="Horowitz index in Arterial blood"/></concept><concept><code value="33438-3"/><display value="Breath rate mechanical --on ventilator"/></concept><concept><code value="19839-0"/><display value="Breath rate spontaneous --on ventilator"/></concept><concept><code value="19840-8"/><display value="Breath rate spontaneous and mechanical --on ventilator"/></concept><concept><code value="76334-2"/><display value="Inspiratory time setting Ventilator"/></concept><concept><code value="76187-4"/><display value="Expiratory hold time setting Ventilator"/></concept><concept><code value="75931-6"/><display value="Inspiration/Expiration time Ratio"/></concept><concept><code value="20112-9"/><display value="Tidal volume setting Ventilator"/></concept><concept><code value="76222-9"/><display value="Tidal volume Ventilator --on ventilator"/></concept><concept><code value="20116-0"/><display value="Tidal volume.spontaneous --on ventilator"/></concept><concept><code value="76009-0"/><display value="Inspired minute Volume during Mechanical ventilation"/></concept><concept><code value="20118-6"/><display value="Tidal volume.spontaneous+mechanical --on ventilator"/></concept><concept><code value="76190-8"/><display value="High pressure hold time setting Ventilator"/></concept><concept><code value="76229-4"/><display value="Low pressure hold time setting Ventilator"/></concept><concept><code value="76275-7"/><display value="Inspiratory flow setting Ventilator"/></concept><concept><code value="60794-5"/><display value="Inspiratory gas flow Respiratory system airway --on ventilator"/></concept><concept><code value="60792-9"/><display value="Expiratory gas flow Respiratory system airway --on ventilator"/></concept><concept><code value="19994-3"/><display value="Oxygen/Total gas setting [Volume Fraction] Ventilator"/></concept><concept><code value="71835-3"/><display value="Oxygen/Gas total [Pure volume fraction] Inhaled gas"/></concept><concept><code value="3147-6"/><display value="Oxygen [Partial pressure] in Exhaled gas"/></concept><concept><code value="76530-5"/><display value="Mean pressure Respiratory system airway --on ventilator"/></concept><concept><code value="76531-3"/><display value="Pressure.max Respiratory system airway --on ventilator"/></concept><concept><code value="60827-3"/><display value="Dynamic lung compliance"/></concept><concept><code value="76248-4"/><display value="PEEP Respiratory system --on ventilator"/></concept><concept><code value="76154-4"/><display value="Airway pressure delta --on ventilator"/></concept><concept><code value="20056-8"/><display value="Airway pressure --at mean expiratory flow on ventilator"/></concept><concept><code value="20060-0"/><display value="Airway pressure --at zero inspiratory flow on ventilator"/></concept><concept><code value="19891-1"/><display value="Carbon dioxide [Partial pressure] in Exhaled gas --at end expiration"/></concept><concept><code value="20079-0"/><display value="Pressure support setting Ventilator"/></concept></include></compose></ValueSet>