<?xml version="1.0" encoding="UTF-8"?>

<ArtifactAssessment xmlns="http://hl7.org/fhir">
  <id value="ExampleRecommendationJustification"/>
  <meta>
    <profile value="https://www.netzwerk-universitaetsmedizin.de/fhir/cpg-on-ebm-on-fhir/StructureDefinition/recommendation-justification"/>
  </meta>
  <text>
    <status value="extensions"/><div xmlns="http://www.w3.org/1999/xhtml"><p class="res-header-id"><b>Generated Narrative: ArtifactAssessment ExampleRecommendationJustification</b></p><a name="ExampleRecommendationJustification"> </a><a name="hcExampleRecommendationJustification"> </a><a name="ExampleRecommendationJustification-en-US"> </a><p><b>ArtifactAssessment Version</b>: 0.1.0</p><p><b>ArtifactAssessment Publication Status</b>: active</p><p><b>date</b>: 2020-01-03</p><p><b>artifact</b>: <a href="PlanDefinition-ExampleRecommendationPlan.html">PlanDefinition Recommendation Plan</a></p><blockquote><p><b>content</b></p><p><b>informationType</b>: Rating</p><p><b>type</b>: <span title="Codes:{https://www.netzwerk-universitaetsmedizin.de/fhir/cpg-on-ebm-on-fhir/CodeSystem/ceosys-code-system strength}">Strength of recommendation</span></p><p><b>classifier</b>: <span title="Codes:{https://www.netzwerk-universitaetsmedizin.de/fhir/cpg-on-ebm-on-fhir/CodeSystem/ceosys-cs-recommendation-strength strong-for}">Strong for an intervention</span></p></blockquote><blockquote><p><b>content</b></p><p><b>informationType</b>: Rating</p><p><b>type</b>: <span title="Codes:{http://hl7.org/fhir/certainty-type Overall}">Overall certainty</span></p><p><b>classifier</b>: <span title="Codes:{http://hl7.org/fhir/certainty-rating very-low}">Very low quality</span></p></blockquote><blockquote><p><b>content</b></p><p><b>informationType</b>: Rating</p><p><b>type</b>: <span title="Codes:{https://www.netzwerk-universitaetsmedizin.de/fhir/cpg-on-ebm-on-fhir/CodeSystem/ceosys-code-system consensus}">Consensus</span></p><p><b>classifier</b>: <span title="Codes:{http://terminology.hl7.org/CodeSystem/recommendation-strength strong}">Strong</span></p></blockquote><blockquote><p><b>content</b></p><p><b>informationType</b>: Container</p><p><b>type</b>: <span title="Codes:{https://www.netzwerk-universitaetsmedizin.de/fhir/cpg-on-ebm-on-fhir/CodeSystem/ceosys-code-system certainty-of-evidence-rating}">Certainty of evidence rating</span></p><h3>RelatedArtifacts</h3><table class="grid"><tr><td style="display: none">-</td><td><b>Type</b></td><td><b>Classifier</b></td><td><b>ResourceReference</b></td></tr><tr><td style="display: none">*</td><td>Justification</td><td><span title="Codes:{https://www.netzwerk-universitaetsmedizin.de/fhir/cpg-on-ebm-on-fhir/CodeSystem/ceosys-code-system certainty-of-evidence-rating}">Certainty of evidence rating</span></td><td><a href="ArtifactAssessment-ExampleCertaintyOfEvidenceRating.html">ArtifactAssessment: extension = 0.1.1,active; date = 2022-03-11; artifact[x] = -&gt;Evidence ExampleStudyOutcomeEvidence</a></td></tr></table></blockquote><blockquote><p><b>content</b></p><p><b>informationType</b>: Container</p><p><b>type</b>: <span title="Codes:{https://www.netzwerk-universitaetsmedizin.de/fhir/cpg-on-ebm-on-fhir/CodeSystem/ceosys-code-system net-effect}">Net effect</span></p><h3>RelatedArtifacts</h3><table class="grid"><tr><td style="display: none">-</td><td><b>Type</b></td><td><b>Classifier</b></td><td><b>ResourceReference</b></td></tr><tr><td style="display: none">*</td><td>Supported With</td><td><span title="Codes:{https://www.netzwerk-universitaetsmedizin.de/fhir/cpg-on-ebm-on-fhir/CodeSystem/ceosys-code-system net-effect}">Net effect</span></td><td><a href="Evidence-ExampleNetEffectEstimate.html">Evidence NetEffectExample</a></td></tr></table></blockquote></div>
  </text>
  <extension url="https://www.netzwerk-universitaetsmedizin.de/fhir/cpg-on-ebm-on-fhir/StructureDefinition/ceosys-extension-artifact-assessment-version">
    <valueString value="0.1.0"/>
  </extension>
  <extension url="https://www.netzwerk-universitaetsmedizin.de/fhir/cpg-on-ebm-on-fhir/StructureDefinition/ceosys-extension-artifact-assessment-publication-status">
    <valueCode value="active"/>
  </extension>
  <date value="2020-01-03"/>
  <artifactReference>
    <reference value="PlanDefinition/ExampleRecommendationPlan"/>
  </artifactReference>
  <content>
    <informationType value="rating"/>
    <type>
      <coding>
        <system value="https://www.netzwerk-universitaetsmedizin.de/fhir/cpg-on-ebm-on-fhir/CodeSystem/ceosys-code-system"/>
        <code value="strength"/>
        <display value="Strength of recommendation"/>
      </coding>
    </type>
    <classifier>
      <coding>
        <system value="https://www.netzwerk-universitaetsmedizin.de/fhir/cpg-on-ebm-on-fhir/CodeSystem/ceosys-cs-recommendation-strength"/>
        <code value="strong-for"/>
      </coding>
    </classifier>
  </content>
  <content>
    <informationType value="rating"/>
    <type>
      <coding>
        <system value="http://hl7.org/fhir/certainty-type"/>
        <code value="Overall"/>
        <display value="Overall certainty"/>
      </coding>
    </type>
    <classifier>
      <coding>
        <system value="http://hl7.org/fhir/certainty-rating"/>
        <code value="very-low"/>
        <display value="Very low quality"/>
      </coding>
    </classifier>
  </content>
  <content>
    <informationType value="rating"/>
    <type>
      <coding>
        <system value="https://www.netzwerk-universitaetsmedizin.de/fhir/cpg-on-ebm-on-fhir/CodeSystem/ceosys-code-system"/>
        <code value="consensus"/>
        <display value="Consensus"/>
      </coding>
    </type>
    <classifier>
      <coding>
        <system value="http://terminology.hl7.org/CodeSystem/recommendation-strength"/>
        <code value="strong"/>
        <display value="Strong"/>
      </coding>
    </classifier>
  </content>
  <content>
    <informationType value="container"/>
    <type>
      <coding>
        <system value="https://www.netzwerk-universitaetsmedizin.de/fhir/cpg-on-ebm-on-fhir/CodeSystem/ceosys-code-system"/>
        <code value="certainty-of-evidence-rating"/>
        <display value="Certainty of evidence rating"/>
      </coding>
    </type>
    <relatedArtifact>
      <type value="justification"/>
      <classifier>
        <coding>
          <system value="https://www.netzwerk-universitaetsmedizin.de/fhir/cpg-on-ebm-on-fhir/CodeSystem/ceosys-code-system"/>
          <code value="certainty-of-evidence-rating"/>
          <display value="Certainty of evidence rating"/>
        </coding>
      </classifier>
      <resourceReference>
        <reference value="ArtifactAssessment/ExampleCertaintyOfEvidenceRating"/>
      </resourceReference>
    </relatedArtifact>
  </content>
  <content>
    <informationType value="container"/>
    <type>
      <coding>
        <system value="https://www.netzwerk-universitaetsmedizin.de/fhir/cpg-on-ebm-on-fhir/CodeSystem/ceosys-code-system"/>
        <code value="net-effect"/>
        <display value="Net effect"/>
      </coding>
    </type>
    <relatedArtifact>
      <type value="supported-with"/>
      <classifier>
        <coding>
          <system value="https://www.netzwerk-universitaetsmedizin.de/fhir/cpg-on-ebm-on-fhir/CodeSystem/ceosys-code-system"/>
          <code value="net-effect"/>
          <display value="Net effect"/>
        </coding>
      </classifier>
      <resourceReference>
        <reference value="Evidence/ExampleNetEffectEstimate"/>
      </resourceReference>
    </relatedArtifact>
  </content>
</ArtifactAssessment>