{
  "resourceType" : "PlanDefinition",
  "id" : "COVID19VentilatedPatientsDexamethasoneApplicationPlan",
  "meta" : {
    "profile" : ["https://www.netzwerk-universitaetsmedizin.de/fhir/cpg-on-ebm-on-fhir/StructureDefinition/recommendation-plan"]
  },
  "text" : {
    "status" : "extensions",
    "div" : "<div xmlns=\"http://www.w3.org/1999/xhtml\"><p class=\"res-header-id\"><b>Generated Narrative: PlanDefinition COVID19VentilatedPatientsDexamethasoneApplicationPlan</b></p><a name=\"COVID19VentilatedPatientsDexamethasoneApplicationPlan\"> </a><a name=\"hcCOVID19VentilatedPatientsDexamethasoneApplicationPlan\"> </a><a name=\"COVID19VentilatedPatientsDexamethasoneApplicationPlan-en-US\"> </a><p><b>knowledgeCapability</b>: computable</p><p><b>knowledgeRepresentationLevel</b>: structured</p><p><b>partOf</b>: <a href=\"PlanDefinition-COVID19DexamethasoneApplication.html\">Dexamethasone Application</a></p><blockquote><p><b>Action Combination Method</b></p><ul><li>method: <span title=\"Codes:{https://www.netzwerk-universitaetsmedizin.de/fhir/cpg-on-ebm-on-fhir/CodeSystem/cs-action-combination-method exactly}\">Exactly</span></li><li>threshold: 1</li></ul></blockquote><p><b>url</b>: <a href=\"PlanDefinition-COVID19VentilatedPatientsDexamethasoneApplicationPlan.html\">PlanDefinition Dexamethasone Application in ventilated COVID-19 patients</a></p><p><b>version</b>: 4.0</p><p><b>name</b>: Dexamethasone_Application</p><p><b>title</b>: Dexamethasone Application in ventilated COVID-19 patients</p><p><b>type</b>: <span title=\"Codes:{http://terminology.hl7.org/CodeSystem/plan-definition-type eca-rule}\">ECA Rule</span></p><p><b>status</b>: Active</p><p><b>experimental</b>: true</p><p><b>subject</b>: <a href=\"EvidenceVariable-PopulationCOVID19Ventilated.html\">Population_COVID19_Ventilated</a></p><p><b>date</b>: 2021-12-12</p><p><b>publisher</b>: CPGonEBMonFHIR</p><p><b>description</b>: </p><div><p>Application of Dexamethasone: 6 mg once per day for 10 days p.o. or i.v. for ventilated COVID-19 patients</p>\n</div><blockquote><p><b>action</b></p><p><b>code</b>: <span title=\"Codes:{http://snomed.info/sct 432102000}\">Administration of substance (procedure)</span></p><p><b>definition</b>: <a href=\"Bundle-COVID19IntensiveCareTreatmentGuidelineBundle.html\">DexamethasoneApplicationActionOral</a></p></blockquote><blockquote><p><b>action</b></p><p><b>code</b>: <span title=\"Codes:{http://snomed.info/sct 432102000}\">Administration of substance (procedure)</span></p><p><b>definition</b>: <a href=\"Bundle-COVID19IntensiveCareTreatmentGuidelineBundle.html\">DexamethasoneApplicationActionIntravenous</a></p></blockquote></div>"
  },
  "extension" : [{
    "url" : "http://hl7.org/fhir/uv/cpg/StructureDefinition/cpg-knowledgeCapability",
    "valueCode" : "computable"
  },
  {
    "url" : "http://hl7.org/fhir/uv/cpg/StructureDefinition/cpg-knowledgeRepresentationLevel",
    "valueCode" : "structured"
  },
  {
    "url" : "http://hl7.org/fhir/uv/cpg/StructureDefinition/cpg-partOf",
    "valueCanonical" : "https://www.netzwerk-universitaetsmedizin.de/fhir/cpg-on-ebm-on-fhir/example/covid19-dexamethasone-recommendation"
  },
  {
    "extension" : [{
      "url" : "method",
      "valueCodeableConcept" : {
        "coding" : [{
          "system" : "https://www.netzwerk-universitaetsmedizin.de/fhir/cpg-on-ebm-on-fhir/CodeSystem/cs-action-combination-method",
          "code" : "exactly"
        }]
      }
    },
    {
      "url" : "threshold",
      "valuePositiveInt" : 1
    }],
    "url" : "https://www.netzwerk-universitaetsmedizin.de/fhir/cpg-on-ebm-on-fhir/StructureDefinition/ext-action-combination-method"
  }],
  "url" : "https://www.netzwerk-universitaetsmedizin.de/fhir/cpg-on-ebm-on-fhir/example/covid19-ventilated-patients-dexamethasone-application-plan",
  "version" : "4.0",
  "name" : "Dexamethasone_Application",
  "title" : "Dexamethasone Application in ventilated COVID-19 patients",
  "type" : {
    "coding" : [{
      "system" : "http://terminology.hl7.org/CodeSystem/plan-definition-type",
      "code" : "eca-rule"
    }]
  },
  "status" : "active",
  "experimental" : true,
  "subjectCanonical" : "https://www.netzwerk-universitaetsmedizin.de/fhir/cpg-on-ebm-on-fhir/example/population/Population_COVID19_Ventilated",
  "date" : "2021-12-12",
  "publisher" : "CPGonEBMonFHIR",
  "description" : "Application of Dexamethasone: 6 mg once per day for 10 days p.o. or i.v. for ventilated COVID-19 patients",
  "action" : [{
    "code" : {
      "coding" : [{
        "system" : "http://snomed.info/sct",
        "code" : "432102000",
        "display" : "Administration of substance (procedure)"
      }]
    },
    "definitionCanonical" : "https://www.netzwerk-universitaetsmedizin.de/fhir/cpg-on-ebm-on-fhir/example/recommendation-action/dexamethasone-application-oral"
  },
  {
    "code" : {
      "coding" : [{
        "system" : "http://snomed.info/sct",
        "code" : "432102000",
        "display" : "Administration of substance (procedure)"
      }]
    },
    "definitionCanonical" : "https://www.netzwerk-universitaetsmedizin.de/fhir/cpg-on-ebm-on-fhir/example/recommendation-action/dexamethasone-application-intravenous"
  }]
}