{"resourceType":"ActivityDefinition","id":"ExampleDrugAdministrationAction","meta":{"profile":["https://www.netzwerk-universitaetsmedizin.de/fhir/cpg-on-ebm-on-fhir/StructureDefinition/drug-administration-action"]},"extension":[{"url":"http://hl7.org/fhir/uv/cpg/StructureDefinition/cpg-knowledgeCapability","valueCode":"computable"},{"url":"http://hl7.org/fhir/uv/cpg/StructureDefinition/cpg-knowledgeRepresentationLevel","valueCode":"structured"}],"url":"https://www.netzwerk-universitaetsmedizin.de/fhir/cpg-on-ebm-on-fhir/example/recommendation-action/drug-administration-example","version":"1.0","name":"DrugAdministrationAction","status":"active","experimental":true,"subjectCodeableConcept":{"coding":[{"system":"http://hl7.org/fhir/fhir-types","code":"Patient"}]},"date":"2024-10-21T14:50:59+00:00","publisher":"CPGonEBMonFHIR","description":"A drug administration that should be performed.","kind":"MedicationRequest","code":{"coding":[{"system":"http://snomed.info/sct","code":"432102000","display":"Administration of substance (procedure)"}]},"productCodeableConcept":{"coding":[{"system":"http://snomed.info/sct","code":"372584003","display":"Dexamethasone (substance)"},{"system":"http://fhir.de/CodeSystem/bfarm/atc","code":"C05AA09","display":"Dexamethason"}]},"dosage":[{"extension":[{"extension":[{"url":"type","valueCodeableConcept":{"coding":[{"system":"http://loinc.org","code":"29463-7","display":"Body weight"}]}},{"url":"value","valueRange":{"high":{"value":70,"unit":"kg","system":"http://unitsofmeasure.org","code":"kg"}}}],"url":"https://www.netzwerk-universitaetsmedizin.de/fhir/cpg-on-ebm-on-fhir/StructureDefinition/ext-dosage-condition"}],"timing":{"repeat":{"count":10,"duration":10,"durationUnit":"d","frequency":1,"period":1,"periodUnit":"d"}},"route":{"coding":[{"system":"http://snomed.info/sct","code":"26643006","display":"Oral route"}]},"doseAndRate":[{"doseQuantity":{"value":6,"unit":"mg","system":"http://unitsofmeasure.org","code":"mg"},"rateQuantity":{"value":1,"unit":"/d","system":"http://unitsofmeasure.org","code":"/d"}}]}]}