{"resourceType":"ActivityDefinition","id":"ExampleProcedureAction","meta":{"profile":["https://www.netzwerk-universitaetsmedizin.de/fhir/cpg-on-ebm-on-fhir/StructureDefinition/procedure-action"]},"extension":[{"url":"http://hl7.org/fhir/uv/cpg/StructureDefinition/cpg-knowledgeCapability","valueCode":"computable"},{"url":"http://hl7.org/fhir/uv/cpg/StructureDefinition/cpg-knowledgeRepresentationLevel","valueCode":"structured"}],"url":"https://www.netzwerk-universitaetsmedizin.de/fhir/cpg-on-ebm-on-fhir/example/recommendation-action/procedure-example","version":"1.0","name":"ExampleProcedureAction","status":"active","experimental":true,"subjectCodeableConcept":{"coding":[{"system":"http://hl7.org/fhir/fhir-types","code":"Patient"}]},"date":"2024-10-21T14:50:59+00:00","publisher":"CPGonEBMonFHIR","description":"Example of a procedure action.","kind":"ServiceRequest","code":{"coding":[{"system":"http://snomed.info/sct","version":"http://snomed.info/sct/900000000000207008/version/20240201","code":"172703006","display":"Destruction of lesion of middle ear (procedure)"}]},"timingTiming":{"repeat":{"frequency":1,"period":1,"periodUnit":"d"}}}