{"resourceType":"ActivityDefinition","id":"ExampleBodyPositioningAction","meta":{"profile":["https://www.netzwerk-universitaetsmedizin.de/fhir/cpg-on-ebm-on-fhir/StructureDefinition/body-positioning-action"]},"extension":[{"url":"http://hl7.org/fhir/uv/cpg/StructureDefinition/cpg-knowledgeCapability","valueCode":"computable"},{"url":"http://hl7.org/fhir/uv/cpg/StructureDefinition/cpg-knowledgeRepresentationLevel","valueCode":"structured"}],"url":"https://www.netzwerk-universitaetsmedizin.de/fhir/cpg-on-ebm-on-fhir/example/recommendation-action/body-positioning-example","version":"1.0","name":"DrugAdministrationAction","status":"active","experimental":true,"subjectCodeableConcept":{"coding":[{"system":"http://hl7.org/fhir/fhir-types","code":"Patient"}]},"date":"2024-10-21T14:50:59+00:00","publisher":"CPGonEBMonFHIR","description":"Example of a body positioning action.","kind":"ServiceRequest","code":{"coding":[{"system":"http://snomed.info/sct","code":"431182000","display":"Placing subject in prone position (procedure)"}]},"timingTiming":{"repeat":{"frequency":1,"period":1,"periodUnit":"d"}}}