{"resourceType":"Citation","id":"ExampleGuidelineCitation","meta":{"profile":["https://www.netzwerk-universitaetsmedizin.de/fhir/cpg-on-ebm-on-fhir/StructureDefinition/guideline-citation"]},"url":"https://www.netzwerk-universitaetsmedizin.de/fhir/cpg-on-ebm-on-fhir/Citation/ExampleGuidelineCitation","name":"ExampleGuidelineCitation","status":"active","date":"2024-10-21T14:50:59+00:00","citedArtifact":{"identifier":[{"value":"ceoysy/exampleIdentifier"}],"version":{"value":"1.0-alpha1"},"currentState":[{"coding":[{"system":"http://hl7.org/fhir/cited-artifact-status-type","code":"archived","display":"Archived"}]}],"title":[{"text":"Example Citation"}],"webLocation":[{"url":"https://example.com/guideline/exampleIdentifier"}],"classification":[{"type":{"coding":[{"system":"http://hl7.org/fhir/cited-artifact-classification-type","code":"publication-type","display":"Publication Type"}]},"classifier":[{"coding":[{"system":"https://www.netzwerk-universitaetsmedizin.de/fhir/cpg-on-ebm-on-fhir/CodeSystem/ceosys-code-system","code":"clinical-practice-guideline","display":"Clinical practice guideline"}]}]}]}}