{"resourceType":"EvidenceVariable","id":"ExampleEvidenceDataSet","meta":{"profile":["https://www.netzwerk-universitaetsmedizin.de/fhir/cpg-on-ebm-on-fhir/StructureDefinition/evidence-data-set"]},"url":"https://www.netzwerk-universitaetsmedizin.de/fhir/cpg-on-ebm-on-fhir/EvidenceVariable/ExampleEvidenceDataSet","name":"ExampleEvidenceDataSet","status":"active","date":"2024-10-21T14:50:59+00:00","characteristic":[{"definitionByCombination":{"code":"dataset","characteristic":[{"definitionReference":{"reference":"Evidence/ExampleStudyOutcomeEvidence"}}]}}]}