{"resourceType":"ValueSet","id":"vs-mii-icu-code-observation-beatmung-loinc","text":{"status":"generated","div":"<div xmlns=\"http://www.w3.org/1999/xhtml\"><p class=\"res-header-id\"><b>Generated Narrative: ValueSet vs-mii-icu-code-observation-beatmung-loinc</b></p><a name=\"vs-mii-icu-code-observation-beatmung-loinc\"> </a><a name=\"hcvs-mii-icu-code-observation-beatmung-loinc\"> </a><a name=\"vs-mii-icu-code-observation-beatmung-loinc-en-US\"> </a><ul><li>Include these codes as defined in <a href=\"http://loinc.org\"><code>http://loinc.org</code></a><table class=\"none\"><tr><td style=\"white-space:nowrap\"><b>Code</b></td><td><b>Display</b></td></tr><tr><td><a href=\"https://loinc.org/50984-4/\">50984-4</a></td><td>Horowitz index in Arterial blood</td></tr><tr><td><a href=\"https://loinc.org/33438-3/\">33438-3</a></td><td>Breath rate mechanical --on ventilator</td></tr><tr><td><a href=\"https://loinc.org/19839-0/\">19839-0</a></td><td>Breath rate spontaneous --on ventilator</td></tr><tr><td><a href=\"https://loinc.org/19840-8/\">19840-8</a></td><td>Breath rate spontaneous and mechanical --on ventilator</td></tr><tr><td><a href=\"https://loinc.org/76334-2/\">76334-2</a></td><td>Inspiratory time setting Ventilator</td></tr><tr><td><a href=\"https://loinc.org/76187-4/\">76187-4</a></td><td>Expiratory hold time setting Ventilator</td></tr><tr><td><a href=\"https://loinc.org/75931-6/\">75931-6</a></td><td>Inspiration/Expiration time Ratio</td></tr><tr><td><a href=\"https://loinc.org/20112-9/\">20112-9</a></td><td>Tidal volume setting Ventilator</td></tr><tr><td><a href=\"https://loinc.org/76222-9/\">76222-9</a></td><td>Tidal volume Ventilator --on ventilator</td></tr><tr><td><a href=\"https://loinc.org/20116-0/\">20116-0</a></td><td>Tidal volume.spontaneous --on ventilator</td></tr><tr><td><a href=\"https://loinc.org/76009-0/\">76009-0</a></td><td>Inspired minute Volume during Mechanical ventilation</td></tr><tr><td><a href=\"https://loinc.org/20118-6/\">20118-6</a></td><td>Tidal volume.spontaneous+mechanical --on ventilator</td></tr><tr><td><a href=\"https://loinc.org/76190-8/\">76190-8</a></td><td>High pressure hold time setting Ventilator</td></tr><tr><td><a href=\"https://loinc.org/76229-4/\">76229-4</a></td><td>Low pressure hold time setting Ventilator</td></tr><tr><td><a href=\"https://loinc.org/76275-7/\">76275-7</a></td><td>Inspiratory flow setting Ventilator</td></tr><tr><td><a href=\"https://loinc.org/60794-5/\">60794-5</a></td><td>Inspiratory gas flow Respiratory system airway --on ventilator</td></tr><tr><td><a href=\"https://loinc.org/60792-9/\">60792-9</a></td><td>Expiratory gas flow Respiratory system airway --on ventilator</td></tr><tr><td><a href=\"https://loinc.org/19994-3/\">19994-3</a></td><td>Oxygen/Total gas setting [Volume Fraction] Ventilator</td></tr><tr><td><a href=\"https://loinc.org/71835-3/\">71835-3</a></td><td>Oxygen/Gas total [Pure volume fraction] Inhaled gas</td></tr><tr><td><a href=\"https://loinc.org/3147-6/\">3147-6</a></td><td>Oxygen [Partial pressure] in Exhaled gas</td></tr><tr><td><a href=\"https://loinc.org/76530-5/\">76530-5</a></td><td>Mean pressure Respiratory system airway --on ventilator</td></tr><tr><td><a href=\"https://loinc.org/76531-3/\">76531-3</a></td><td>Pressure.max Respiratory system airway --on ventilator</td></tr><tr><td><a href=\"https://loinc.org/60827-3/\">60827-3</a></td><td>Dynamic lung compliance</td></tr><tr><td><a href=\"https://loinc.org/76248-4/\">76248-4</a></td><td>PEEP Respiratory system --on ventilator</td></tr><tr><td><a href=\"https://loinc.org/76154-4/\">76154-4</a></td><td>Airway pressure delta --on ventilator</td></tr><tr><td><a href=\"https://loinc.org/20056-8/\">20056-8</a></td><td>Airway pressure --at mean expiratory flow on ventilator</td></tr><tr><td><a href=\"https://loinc.org/20060-0/\">20060-0</a></td><td>Airway pressure --at zero inspiratory flow on ventilator</td></tr><tr><td><a href=\"https://loinc.org/19891-1/\">19891-1</a></td><td>Carbon dioxide [Partial pressure] in Exhaled gas --at end expiration</td></tr><tr><td><a href=\"https://loinc.org/20079-0/\">20079-0</a></td><td>Pressure support setting Ventilator</td></tr></table></li></ul></div>"},"url":"https://www.medizininformatik-initiative.de/fhir/ext/modul-icu/ValueSet/Code-Observation-Beatmung-LOINC","version":"1.0.0","name":"VS_MII_ICU_Code_Observation_Beatmung_LOINC","title":"VS MII ICU Code Observation Beatmung [LOINC]","status":"active","experimental":false,"date":"2022-01-06","publisher":"https://www.medizininformatik-initiative.de","description":"Dieses ValueSet enthält Codes für die im Kontext einer Beatmung eingestellten oder gemessenen Parametern.","compose":{"include":[{"system":"http://loinc.org","concept":[{"code":"50984-4","display":"Horowitz index in Arterial blood"},{"code":"33438-3","display":"Breath rate mechanical --on ventilator"},{"code":"19839-0","display":"Breath rate spontaneous --on ventilator"},{"code":"19840-8","display":"Breath rate spontaneous and mechanical --on ventilator"},{"code":"76334-2","display":"Inspiratory time setting Ventilator"},{"code":"76187-4","display":"Expiratory hold time setting Ventilator"},{"code":"75931-6","display":"Inspiration/Expiration time Ratio"},{"code":"20112-9","display":"Tidal volume setting Ventilator"},{"code":"76222-9","display":"Tidal volume Ventilator --on ventilator"},{"code":"20116-0","display":"Tidal volume.spontaneous --on ventilator"},{"code":"76009-0","display":"Inspired minute Volume during Mechanical ventilation"},{"code":"20118-6","display":"Tidal volume.spontaneous+mechanical --on ventilator"},{"code":"76190-8","display":"High pressure hold time setting Ventilator"},{"code":"76229-4","display":"Low pressure hold time setting Ventilator"},{"code":"76275-7","display":"Inspiratory flow setting Ventilator"},{"code":"60794-5","display":"Inspiratory gas flow Respiratory system airway --on ventilator"},{"code":"60792-9","display":"Expiratory gas flow Respiratory system airway --on ventilator"},{"code":"19994-3","display":"Oxygen/Total gas setting [Volume Fraction] Ventilator"},{"code":"71835-3","display":"Oxygen/Gas total [Pure volume fraction] Inhaled gas"},{"code":"3147-6","display":"Oxygen [Partial pressure] in Exhaled gas"},{"code":"76530-5","display":"Mean pressure Respiratory system airway --on ventilator"},{"code":"76531-3","display":"Pressure.max Respiratory system airway --on ventilator"},{"code":"60827-3","display":"Dynamic lung compliance"},{"code":"76248-4","display":"PEEP Respiratory system --on ventilator"},{"code":"76154-4","display":"Airway pressure delta --on ventilator"},{"code":"20056-8","display":"Airway pressure --at mean expiratory flow on ventilator"},{"code":"20060-0","display":"Airway pressure --at zero inspiratory flow on ventilator"},{"code":"19891-1","display":"Carbon dioxide [Partial pressure] in Exhaled gas --at end expiration"},{"code":"20079-0","display":"Pressure support setting Ventilator"}]}]}}