{
  "resourceType" : "Composition",
  "id" : "GuidelineExample",
  "meta" : {
    "profile" : ["https://www.netzwerk-universitaetsmedizin.de/fhir/cpg-on-ebm-on-fhir/StructureDefinition/guideline"]
  },
  "text" : {
    "status" : "generated",
    "div" : "<div xmlns=\"http://www.w3.org/1999/xhtml\"><p class=\"res-header-id\"><b>Generated Narrative: Composition GuidelineExample</b></p><a name=\"GuidelineExample\"> </a><a name=\"hcGuidelineExample\"> </a><a name=\"GuidelineExample-en-US\"> </a><p><b>identifier</b>: Resource identifier/guideline example</p><p><b>version</b>: 0.1.0</p><p><b>status</b>: Final</p><p><b>type</b>: <span title=\"Codes:{https://www.netzwerk-universitaetsmedizin.de/fhir/cpg-on-ebm-on-fhir/CodeSystem/ceosys-code-system clinical-practice-guideline}, {https://data.cochrane.org/concepts/ e07eN1w1Rwswg4}\">Guidelines</span></p><p><b>category</b>: <span title=\"Codes:{https://www.netzwerk-universitaetsmedizin.de/fhir/cpg-on-ebm-on-fhir/CodeSystem/cs-guideline-stage-classification S3}\">Evidence- and consensus-based guideline</span></p><p><b>date</b>: 2022-01-28</p><p><b>author</b>: <a href=\"Organization-ExampleOrganization.html\">Organization Example Organization</a></p><p><b>title</b>: Example Guideline</p><h3>RelatesTos</h3><table class=\"grid\"><tr><td style=\"display: none\">-</td><td><b>Type</b></td><td><b>ResourceReference</b></td></tr><tr><td style=\"display: none\">*</td><td>Citation</td><td><a href=\"Citation-ExampleGuidelineCitation.html\">Citation ExampleGuidelineCitation</a></td></tr></table></div>"
  },
  "identifier" : [{
    "type" : {
      "coding" : [{
        "system" : "http://terminology.hl7.org/CodeSystem/v2-0203",
        "code" : "RI",
        "display" : "Resource identifier"
      }]
    },
    "system" : "https://www.ceosys.de",
    "value" : "guideline example"
  }],
  "version" : "0.1.0",
  "status" : "final",
  "type" : {
    "coding" : [{
      "system" : "https://www.netzwerk-universitaetsmedizin.de/fhir/cpg-on-ebm-on-fhir/CodeSystem/ceosys-code-system",
      "code" : "clinical-practice-guideline"
    },
    {
      "system" : "https://data.cochrane.org/concepts/",
      "code" : "e07eN1w1Rwswg4",
      "display" : "Guidelines"
    }]
  },
  "category" : [{
    "coding" : [{
      "system" : "https://www.netzwerk-universitaetsmedizin.de/fhir/cpg-on-ebm-on-fhir/CodeSystem/cs-guideline-stage-classification",
      "code" : "S3",
      "display" : "Evidence- and consensus-based guideline"
    }]
  }],
  "date" : "2022-01-28",
  "author" : [{
    "reference" : "Organization/ExampleOrganization"
  }],
  "title" : "Example Guideline",
  "relatesTo" : [{
    "type" : "citation",
    "resourceReference" : {
      "reference" : "Citation/ExampleGuidelineCitation"
    }
  }],
  "section" : [{
    "title" : "Example Guideline Recommendation",
    "code" : {
      "coding" : [{
        "system" : "https://www.netzwerk-universitaetsmedizin.de/fhir/cpg-on-ebm-on-fhir/CodeSystem/ceosys-code-system",
        "code" : "guideline-recommendation",
        "display" : "Clinical practice guideline recommendation"
      }]
    },
    "focus" : {
      "reference" : "PlanDefinition/ExampleRecommendation"
    },
    "text" : {
      "status" : "generated",
      "div" : "<div xmlns=\"http://www.w3.org/1999/xhtml\">This is an example guideline recommendation.</div>"
    }
  }]
}