{
  "resourceType" : "ValueSet",
  "id" : "vs-assessment",
  "meta" : {
    "profile" : ["http://hl7.org/fhir/uv/cpg/StructureDefinition/cpg-computablevalueset"]
  },
  "text" : {
    "status" : "generated",
    "div" : "<div xmlns=\"http://www.w3.org/1999/xhtml\"><p class=\"res-header-id\"><b>Generated Narrative: ValueSet vs-assessment</b></p><a name=\"vs-assessment\"> </a><a name=\"hcvs-assessment\"> </a><a name=\"vs-assessment-en-US\"> </a><p>This value set includes codes based on the following rules:</p><ul><li>Include codes from<a href=\"http://www.snomed.org/\"><code>http://snomed.info/sct</code></a> where concept  is-a 363787002 (Observable entity)</li><li>Include codes from<a href=\"http://www.snomed.org/\"><code>http://snomed.info/sct</code></a> where concept  is-a 363787002 (Observable entity)</li><li>Include codes from<a href=\"http://loinc.org\"><code>http://loinc.org</code></a> where ORDER_OBS  = ORDER</li><li>Include codes from<a href=\"http://loinc.org\"><code>http://loinc.org</code></a> where ORDER_OBS  = BOTH</li></ul></div>"
  },
  "extension" : [{
    "url" : "http://hl7.org/fhir/uv/cpg/StructureDefinition/cpg-knowledgeCapability",
    "valueCode" : "shareable"
  },
  {
    "url" : "http://hl7.org/fhir/uv/cpg/StructureDefinition/cpg-knowledgeCapability",
    "valueCode" : "computable"
  },
  {
    "url" : "http://hl7.org/fhir/uv/cpg/StructureDefinition/cpg-knowledgeCapability",
    "valueCode" : "publishable"
  },
  {
    "url" : "http://hl7.org/fhir/uv/cpg/StructureDefinition/cpg-knowledgeRepresentationLevel",
    "valueCode" : "structured"
  }],
  "url" : "https://www.netzwerk-universitaetsmedizin.de/fhir/cpg-on-ebm-on-fhir/ValueSet/vs-assessment",
  "version" : "0.1.0",
  "name" : "Assessment",
  "title" : "Assessment",
  "status" : "draft",
  "date" : "2023-10-16",
  "publisher" : "Netzwerk Universitätsmedizin (NUM)",
  "contact" : [{
    "telecom" : [{
      "system" : "url",
      "value" : "https://www.netzwerk-universitaetsmedizin.de"
    }]
  }],
  "description" : "Assessments",
  "compose" : {
    "include" : [{
      "system" : "http://snomed.info/sct",
      "filter" : [{
        "property" : "concept",
        "op" : "is-a",
        "value" : "363787002"
      }]
    },
    {
      "system" : "http://snomed.info/sct",
      "version" : "http://snomed.info/sct/731000124108/version/20230901",
      "filter" : [{
        "property" : "concept",
        "op" : "is-a",
        "value" : "363787002"
      }]
    },
    {
      "system" : "http://loinc.org",
      "filter" : [{
        "property" : "ORDER_OBS",
        "op" : "=",
        "value" : "ORDER"
      }]
    },
    {
      "system" : "http://loinc.org",
      "filter" : [{
        "property" : "ORDER_OBS",
        "op" : "=",
        "value" : "BOTH"
      }]
    }]
  }
}