{
  "resourceType" : "ValueSet",
  "id" : "vs-procedures",
  "meta" : {
    "profile" : ["http://hl7.org/fhir/uv/cpg/StructureDefinition/cpg-computablevalueset"]
  },
  "text" : {
    "status" : "generated",
    "div" : "<div xmlns=\"http://www.w3.org/1999/xhtml\"><p class=\"res-header-id\"><b>Generated Narrative: ValueSet vs-procedures</b></p><a name=\"vs-procedures\"> </a><a name=\"hcvs-procedures\"> </a><a name=\"vs-procedures-en-US\"> </a><ul><li>Include codes from<a href=\"http://www.snomed.org/\"><code>http://snomed.info/sct</code></a> where concept  is-a 71388002 (Procedure)</li></ul></div>"
  },
  "extension" : [{
    "url" : "http://hl7.org/fhir/uv/cpg/StructureDefinition/cpg-knowledgeCapability",
    "valueCode" : "shareable"
  },
  {
    "url" : "http://hl7.org/fhir/uv/cpg/StructureDefinition/cpg-knowledgeCapability",
    "valueCode" : "computable"
  },
  {
    "url" : "http://hl7.org/fhir/uv/cpg/StructureDefinition/cpg-knowledgeCapability",
    "valueCode" : "publishable"
  },
  {
    "url" : "http://hl7.org/fhir/uv/cpg/StructureDefinition/cpg-knowledgeRepresentationLevel",
    "valueCode" : "structured"
  }],
  "url" : "https://www.netzwerk-universitaetsmedizin.de/fhir/cpg-on-ebm-on-fhir/ValueSet/vs-procedures",
  "version" : "0.1.0",
  "name" : "Procedures",
  "title" : "Procedures",
  "status" : "draft",
  "date" : "2024-05-22",
  "publisher" : "Netzwerk Universitätsmedizin (NUM)",
  "contact" : [{
    "telecom" : [{
      "system" : "url",
      "value" : "https://www.netzwerk-universitaetsmedizin.de"
    }]
  }],
  "description" : "Procedures",
  "compose" : {
    "include" : [{
      "system" : "http://snomed.info/sct",
      "version" : "http://snomed.info/sct/900000000000207008/version/20240201",
      "filter" : [{
        "property" : "concept",
        "op" : "is-a",
        "value" : "71388002"
      }]
    }]
  }
}